NUSPORT_NAME;IOC_CODE;ALPHA2_CODE;ALPHA3_CODE
? unbekannt ?;k.A.;-;
Afghanistan;AFG;AF;AFG
Ägypten;EGY;EG;EGY
Albanien;ALB;AL;ALB
Algerien;ALG;DZ;DZA
Amerikanische Jungferninseln;ISV;VI;VIR
Amerikanisch-Samoa;ASA;AS;ASM
Andorra;AND;AD;AND
Angola;ANG;AO;AGO
Antigua und Barbuda;ANT;AG;ATG
Äquatorialguinea;GEQ;GQ;GNQ
Argentinien;ARG;AR;ARG
Armenien;ARM;AM;ARM
Aruba;ARU;AW;ABW
Aserbaidschan;AZE;AZ;AZE
Äthiopien;ETH;ET;ETH
Australien;AUS;AU;AUS
Bahamas;BAH;BS;BHS
Bahrain;BRN;BH;BHR
Bangladesch;BAN;BD;BGD
Barbados;BAR;BB;BRB
Belarus;BLR;BY;BLR
Belgien;BEL;BE;BEL
Belize;BLZ;BZ;BLZ
Benin;BEN;BJ;BEN
Bermuda;BER;BM;BMU
Bhutan;BHU;BT;BTN
Bolivien;BOL;BO;BOL
Bosnien und Herzegowina;BIH;BA;BIH
Botswana;BOT;BW;BWA
Brasilien;BRA;BR;BRA
Britische Jungferninseln;IVB;VG;VGB
Brunei Darussalam;BRU;BN;BRN
Bulgarien;BUL;BG;BGR
Burkina Faso;BUR;BF;BFA
Burundi;BDI;BI;BDI
Chile;CHI;CL;CHL
China;CHN;CN;CHN
Cookinseln;COK;CK;COK
Costa Rica;CRC;CR;CRI
Dänemark;DEN;DK;DNK
Deutschland;GER;DE;DEU
Dominica;DMA;DM;DMA
Dominikanische Republik;DOM;DO;DOM
Dschibuti;DJI;DJ;DJI
Ecuador;ECU;EC;ECU
El Salvador;ESA;SV;SLV
Elfenbeinküste;CIV;CI;CIV
Eritrea;ERI;ER;ERI
Estland;EST;EE;EST
Färöer;FRO;FO;FRO
Fidschi;FIJ;FJ;FJI
Finnland;FIN;FI;FIN
Frankreich;FRA;FR;FRA
Gabun;GAB;GA;GAB
Gambia;GAM;GM;GMB
Gemeinschaft unabhängiger Staaten;CIS;CIS;
Georgien;GEO;GE;GEO
Ghana;GHA;GH;GHA
Grenada;GRN;GD;GRD
Griechenland;GRE;GR;GRC
Großbritannien;GBR;GB;GBR
Guam;GUM;GU;GUM
Guatemala;GUA;GT;GTM
Guinea;GUI;GN;GIN
Guinea-Bissau;GBS;GW;GNB
Guyana;GUY;GY;GUY
Haiti;HAI;HT;HTI
Honduras;HON;HN;HND
Hong Kong;HKG;HK;HKG
Indien;IND;IN;IND
Indonesien;INA;ID;IDN
Irak;IRQ;IQ;IRQ
Iran;IRI;IR;IRN
Irland;IRL;IE;IRL
Island;ISL;IS;ISL
Israel;ISR;IL;ISR
Italien;ITA;IT;ITA
Jamaika;JAM;JM;JAM
Japan;JPN;JP;JPN
Jemen;YEM;YE;YEM
Jordanien;JOR;JO;JOR
Kaimaninseln;CAY;KY;CYM
Kambodscha;CAM;KH;KHM
Kamerun;CMR;CM;CMR
Kanada;CAN;CA;CAN
Kap Verde;CPV;CV;CPV
Kasachstan;KAZ;KZ;KAZ
Katar;QAT;QA;QAT
Kenia;KEN;KE;KEN
Kirgisistan;KGZ;KG;KGZ
Kiribati;KIR;KI;KIR
Kolumbien;COL;CO;COL
Komoren;COM;KM;COM
Kongo, Demokratische Republik;COD;CD;COD
Kongo, Republik;CGO;CG;COG
Korea, Demokratische Volksrepublik;PRK;KP;PRK
Korea, Republik;KOR;KR;KOR
Kosovo;XKX;XK;
Kroatien;CRO;HR;HRV
Kuba;CUB;CU;CUB
Kuwait;KUW;KW;KWT
Laos;LAO;LA;LAO
Lesotho;LES;LS;LSO
Lettland;LAT;LV;LVA
Libanon;LIB;LB;LBN
Liberia;LBR;LR;LBR
Libyen;LBA;LY;LBY
Liechtenstein;LIE;LI;LIE
Litauen;LTU;LT;LTU
Luxemburg;LUX;LU;LUX
Madagaskar;MAD;MG;MDG
Malawi;MAW;MW;MWI
Malaysia;MAS;MY;MYS
Malediven;MDV;MV;MDV
Mali;MLI;ML;MLI
Malta;MLT;MT;MLT
Marokko;MAR;MA;MAR
Marshallinseln;MHL;MH;MHL
Mauretanien;MTN;MR;MRT
Mauritius;MRI;MU;MUS
Mazedonien;MKD;MK;MKD
Mexiko;MEX;MX;MEX
Mikronesien;FSM;FM;FSM
Moldawien;MDA;MD;MDA
Monaco;MON;MC;MCO
Mongolei;MGL;MN;MNG
Montenegro;MNE;ME;MNE
Mosambik;MOZ;MZ;MOZ
Myanmar;MYA;MM;MMR
Namibia;NAM;NA;NAM
Nauru;NRU;NR;NRU
Nepal;NEP;NP;NPL
Neuseeland;NZL;NZ;NZL
Nicaragua;NCA;NI;NIC
Niederlande;NED;NL;NLD
Niederländische Antillen;AHO;AN;
Niger;NIG;NE;NER
Nigeria;NGR;NG;NGA
Norwegen;NOR;NO;NOR
Oman;OMA;OM;OMN
Österreich;AUT;AT;AUT
Osttimor;TLS;TL;TLS
Pakistan;PAK;PK;PAK
Palau;PLW;PW;PLW
Panama;PAN;PA;PAN
Papua-Neuguinea;PNG;PG;PNG
Paraguay;PAR;PY;PRY
Peru;PER;PE;PER
Philippinen;PHI;PH;PHL
Polen;POL;PL;POL
Portugal;POR;PT;PRT
Puerto Rico;PUR;PR;PRI
Ruanda;RWA;RW;RWA
Rumänien;ROU;RO;ROU
Russland;RUS;RU;RUS
Salomonen;SOL;SB;SLB
Sambia;ZAM;ZM;ZMB
Samoa;SAM;WS;WSM
San Marino;SMR;SM;SMR
São Tomé und Príncipe;STP;ST;STP
Saudi-Arabien;KSA;SA;SAU
Schweden;SWE;SE;SWE
Schweiz;SUI;CH;CHE
Senegal;SEN;SN;SEN
Serbien;SRB;RS;SRB
Seychellen;SEY;SC;SYC
Sierra Leone;SLE;SL;SLE
Simbabwe;ZIM;ZW;ZWE
Singapur;SIN;SG;SGP
Slowakei;SVK;SK;SVK
Slowenien;SLO;SI;SVN
Somalia;SOM;SO;SOM
Spanien;ESP;ES;ESP
Sri Lanka;SRI;LK;LKA
St. Kitts und Nevis;SKN;KN;KNA
St. Lucia;LCA;LC;LCA
St. Vincent und die Grenadinen;VIN;VC;VCT
Staat Palästina;PLE;PS;PSE
Südafrika;RSA;ZA;ZAF
Sudan;SUD;SD;SDN
Südsudan;SSD;SS;SSD
Suriname;SUR;SR;SUR
Swasiland;SWZ;SZ;SWZ
Syrien;SYR;SY;SYR
Tadschikistan;TJK;TJ;TJK
Taiwan;TPE;TW;TWN
Tansania;TAN;TZ;TZA
Thailand;THA;TH;THA
Togo;TOG;TG;TGO
Tonga;TGA;TO;TON
Trinidad und Tobago;TRI;TT;TTO
Tschad;CHA;TD;TCD
Tschechien;CZE;CZ;CZE
Tunesien;TUN;TN;TUN
Türkei;TUR;TR;TUR
Turkmenistan;TKM;TM;TKM
Tuvalu;TUV;TV;TUV
Uganda;UGA;UG;UGA
Ukraine;UKR;UA;UKR
Ungarn;HUN;HU;HUN
Uruguay;URU;UY;URY
Usbekistan;UZB;UZ;UZB
Vanuatu;VAN;VU;VUT
Venezuela;VEN;VE;VEN
Vereinigte Arabische Emirate;UAE;AE;ARE
Vereinigte Staaten von Amerika;USA;US;USA
Vietnam;VIE;VN;VNM
Zentralafrikanische Republik;CAF;CF;CAF
Zypern;CYP;CY;CYP
